{
    "EnemyBullets":{
        "damage":10,
        "spd": 5,
        "juice_hitbox":"obj_enemy_hitbox",
        "juice_hitwall":"obj_enemy_hitwall"
    },

    "WaterBall":{
        "obj": "obj_waterball",
        "cost":5,
        "damage":5,
        "spd":8,
        "CD": 15,
        "juice_hitbox":"obj_waterball_hitbox",
        "juice_hitwall":"obj_waterball_hitwall",
        "sound_hitwall":"snd_waterball_hitwall"
    },

    "Waterfall":{
        "obj": "obj_waterfall",
        "cost":30,
        "damage": 30,
        "lasting_time":30,
        "spd":5,
        "CD": 60,
        "juice_hitbox":"obj_waterfall_hitbox",
        "juice_hitwall":"obj_waterfall_hitwall"
    }
}